"","id","prediction"
"1","baseball",0.599991942921672
"2","cake",0.5333
"3","flower",0.600025159245673
"4","hedgehog",0.567413214828033
"5","horse",0.5667
"6","house",0.6667
"7","mouse",0.734774661171747
"8","panda",0.400187929087247
"9","railroad",0.43329505679282
"10","rainbow",0.533298213505818
"11","shark",0.3667
"12","spoon",0.633292203723603
"13","sundial",0.366784432294021
"14","tadpole",0.534648170467845
"15","wheel",0.401167342234919
"16","zebra",0.501888392270664
